{"cameraMode":{"drawMode":0,"name":"Shaded","section":"Shading Mode"},"sceneLighting":true,"audioPlay":false,"sceneViewState":{"showFog":true,"showMaterialUpdate":false,"showSkybox":true,"showFlares":true,"showImageEffects":true,"showParticleSystems":true},"in2DMode":false,"pivot":{"x":-12.95510196685791,"y":-0.4639163017272949,"z":-14.347917556762696},"rotation":{"x":-0.1680205911397934,"y":-0.8307551145553589,"z":0.39915645122528078,"w":-0.3496988117694855},"size":25.46800994873047,"orthographic":false}