{"cameraMode":{"drawMode":0,"name":"Shaded","section":"Shading Mode"},"sceneLighting":false,"audioPlay":false,"sceneViewState":{"showFog":true,"showMaterialUpdate":false,"showSkybox":true,"showFlares":true,"showImageEffects":true,"showParticleSystems":true},"in2DMode":false,"pivot":{"x":-11.789031982421875,"y":0.5257054567337036,"z":-10.648183822631836},"rotation":{"x":-0.29908010363578799,"y":0.7005307674407959,"z":-0.4439941644668579,"w":-0.47188663482666018},"size":26.06680679321289,"orthographic":false}